review,label
Lần trước mình mua áo gió màu hồng rất ok mà đợt này lại giao 2 cái áo gió chất khác như vải mưa ý,1
Các siêu phẩm thấy cấu hình toàn tựa tựa nhau không còn sự đột phá lớn nữa,1
Đồng hồ đẹp nhưng 1 cái đứt dây 1 cái không chạy mua về phải sửa,1
Giao thiếu mình cái này rồi shop ơi,1
không hài lòng sản phẩm cho lắm giặt lần đầu tiên đã nhòe màu,1
Đồng hồ thì đẹp thật nhưng tại sao kim lúc chạy lúc đứng,1
Cũng hơi bất tiện,1
Toàn hàng trung quốc khi mua quên không coi kĩ,1
Shop giao hàng không giống màu,1
Shop giao sai màu đặt màu xanh da trời shop giao màu nõn chuối,1
không thấy đèn sáng,1
hàng bị lỗi nhiều quá màn hình bị cháy,1
Đóng gói sản phẩm rất kém,1
Tư vấn không nhiệt tình,1
Sản phẩm không an toàn quá nguy hiểm cho người sử_dụng,1
Không đáng để mua sản phẩm này ,1
Thời gian giao hàng lâu,1
Khẩu trang mỏng tang không biết có phải do giá sale không mà chất lượng chán thế,1
Chất lượng quá kém giao hàng không đúng mẫu,1
Đặt lần 2 rồi mà giao hàng lâu quá vậy,1
Shop hết hàng nhưng không báo ,1
Thấy ghi đc tặng kèm tã quần đến khi nhận hàng thì không thấy,1
Shop phục vụ rất kém,1
Đặt combo mà shop chỉ giao bánh gạo và sốt không thấy phô mai và chả cá đâu,1
Mui khoan xài mau lục quá,1
Hạt giống không nảy mầm,1
toàn hàng fake,1
hàng ko đúng chất lượng,1
Chất lượng sản phẩm rất kém,1
Váy nhỏ sao với kích thước bé nhà mình 19kg đã chọn size lớn nhất nhưng vẫn không vừa,1
Đóng gói sản phẩm rất đẹp và chắc chắn,0
Chất lượng sản phẩm tuyệt vời,0
Son mịn khi đánh lên như màu trên ảnh,0
Chất lượng sản phẩm tuyệt vời nói chung đẹp hợp túi tiền,0
Đã nhận đc hàng rất nhanh mới đặt buổi tối mà trưa mai là có rồi,0
Hàng ship nhanh chất lượng tốt,0
tư vấn nhiệt tình ship rất đúng size,0
Chất lượng sản phẩm tuyệt vời giống với hình chụp,0
nhìn đẹp phết nhỉ,0
Săn đc với giá rẻ tuyệt vời,0
Ok rất hài lòng,0
Chất lượng sản phẩm tuyệt vời tôi rất thích,0
Giày đẹp lắm có điều dây hơi ngắn tí ạ,0
Yếm vải đẹp,0
Giao hàng nhanh mặc đẹp cám ơn shop,0
bao bì cute phô mai que,0
Giao hàng siêu nhanh đóng gói cẩn thận và tư vấn nhiệt tình,0
Hạt điều thấm vị và giòn,0
Đóng gói sản phẩm rất đẹp và chắc_chắn được shop tặng thêm quà nữa,0
So với giá thì chất lượng tuyệt vời,0
Shop phục vụ rất tốt thời gian giao hàng rất nhanh,0
Giày đẹp mang êm và vừa chân lắm nha shop,0
Chưa dùng nhưng nghe bạn m dùng rồi chất lượng khá tốt,0
Uống rất ngon giao hàng nhanh ,0
Rẻ lắm mà tốt,0
Sản phẩm tốt ưng ý,0
Chất lượng sản phẩm tuyệt vời nhưng hơi cũ tí,0
Áo với giày siêu đáng yêu ạ,0
Thời gian bảo hành rất nhanh,0
Kem dùng ổn mỗi tội hơi tối do với da mình,0
